<?xml version="1.0"?>
<list>
  <CATEGORYDATE>2006-06-21</CATEGORYDATE>
  <AVERAGETIME>2.328</AVERAGETIME>
  <MINTIME>2.328</MINTIME>
  <MAXTIME>2.328</MAXTIME>
  <TOTAL>1</TOTAL>
</list>
<list>
  <CATEGORYDATE>2006-06-22</CATEGORYDATE>
  <AVERAGETIME>26.032</AVERAGETIME>
  <MINTIME>3.125</MINTIME>
  <MAXTIME>121.796</MAXTIME>
  <TOTAL>9</TOTAL>
</list>
<list>
  <CATEGORYDATE>2006-06-23</CATEGORYDATE>
  <AVERAGETIME>62.801</AVERAGETIME>
  <MINTIME>4.938</MINTIME>
  <MAXTIME>110.46</MAXTIME>
  <TOTAL>12</TOTAL>
</list>
<list>
  <CATEGORYDATE>2006-06-26</CATEGORYDATE>
  <AVERAGETIME>22.331</AVERAGETIME>
  <MINTIME>2.656</MINTIME>
  <MAXTIME>100.468</MAXTIME>
  <TOTAL>6</TOTAL>
</list>
<list>
  <CATEGORYDATE>2006-06-28</CATEGORYDATE>
  <AVERAGETIME>30.945</AVERAGETIME>
  <MINTIME>2.906</MINTIME>
  <MAXTIME>102.125</MAXTIME>
  <TOTAL>24</TOTAL>
</list>
<list>
  <CATEGORYDATE>2006-06-29</CATEGORYDATE>
  <AVERAGETIME>38.015</AVERAGETIME>
  <MINTIME>4.343</MINTIME>
  <MAXTIME>101.468</MAXTIME>
  <TOTAL>6</TOTAL>
</list>
<list>
  <CATEGORYDATE>2006-06-30</CATEGORYDATE>
  <AVERAGETIME>31.702</AVERAGETIME>
  <MINTIME>1.813</MINTIME>
  <MAXTIME>102.171</MAXTIME>
  <TOTAL>11</TOTAL>
</list>
<list>
  <CATEGORYDATE>2006-07-03</CATEGORYDATE>
  <AVERAGETIME>5.203</AVERAGETIME>
  <MINTIME>5.203</MINTIME>
  <MAXTIME>5.203</MAXTIME>
  <TOTAL>1</TOTAL>
</list>
<list>
  <CATEGORYDATE>2006-07-04</CATEGORYDATE>
  <AVERAGETIME>16.808</AVERAGETIME>
  <MINTIME>3.391</MINTIME>
  <MAXTIME>101.3</MAXTIME>
  <TOTAL>26</TOTAL>
</list>
<list>
  <CATEGORYDATE>2006-07-05</CATEGORYDATE>
  <AVERAGETIME>22.036</AVERAGETIME>
  <MINTIME>1.891</MINTIME>
  <MAXTIME>104.514</MAXTIME>
  <TOTAL>13</TOTAL>
</list>
<list>
  <CATEGORYDATE>2006-07-06</CATEGORYDATE>
  <AVERAGETIME>38.437</AVERAGETIME>
  <MINTIME>2.75</MINTIME>
  <MAXTIME>104.765</MAXTIME>
  <TOTAL>39</TOTAL>
</list>
<list>
  <CATEGORYDATE>2006-07-07</CATEGORYDATE>
  <AVERAGETIME>52.193</AVERAGETIME>
  <MINTIME>4.313</MINTIME>
  <MAXTIME>101.155</MAXTIME>
  <TOTAL>16</TOTAL>
</list>
<list>
  <CATEGORYDATE>2006-07-11</CATEGORYDATE>
  <AVERAGETIME>29.016</AVERAGETIME>
  <MINTIME>4.828</MINTIME>
  <MAXTIME>110.218</MAXTIME>
  <TOTAL>27</TOTAL>
</list>
<list>
  <CATEGORYDATE>2006-07-12</CATEGORYDATE>
  <AVERAGETIME>8.344</AVERAGETIME>
  <MINTIME>7.875</MINTIME>
  <MAXTIME>8.813</MAXTIME>
  <TOTAL>2</TOTAL>
</list>
<list>
  <CATEGORYDATE>2006-07-18</CATEGORYDATE>
  <AVERAGETIME>25.69</AVERAGETIME>
  <MINTIME>5.47</MINTIME>
  <MAXTIME>107.953</MAXTIME>
  <TOTAL>6</TOTAL>
</list>
<list>
  <CATEGORYDATE>2006-07-19</CATEGORYDATE>
  <AVERAGETIME>29.158</AVERAGETIME>
  <MINTIME>2.922</MINTIME>
  <MAXTIME>103.156</MAXTIME>
  <TOTAL>22</TOTAL>
</list>
<list>
  <CATEGORYDATE>2006-07-20</CATEGORYDATE>
  <AVERAGETIME>41.538</AVERAGETIME>
  <MINTIME>3.391</MINTIME>
  <MAXTIME>101.29</MAXTIME>
  <TOTAL>5</TOTAL>
</list>
<list>
  <CATEGORYDATE>2006-07-21</CATEGORYDATE>
  <AVERAGETIME>23.278</AVERAGETIME>
  <MINTIME>2.25</MINTIME>
  <MAXTIME>103.108</MAXTIME>
  <TOTAL>6</TOTAL>
</list>
<list>
  <CATEGORYDATE>2006-07-24</CATEGORYDATE>
  <AVERAGETIME>6.766</AVERAGETIME>
  <MINTIME>4.188</MINTIME>
  <MAXTIME>9.344</MAXTIME>
  <TOTAL>2</TOTAL>
</list>
<list>
  <CATEGORYDATE>2006-07-25</CATEGORYDATE>
  <AVERAGETIME>21.1</AVERAGETIME>
  <MINTIME>2.297</MINTIME>
  <MAXTIME>121.53</MAXTIME>
  <TOTAL>25</TOTAL>
</list>
<list>
  <CATEGORYDATE>2006-07-26</CATEGORYDATE>
  <AVERAGETIME>18.038</AVERAGETIME>
  <MINTIME>1.123</MINTIME>
  <MAXTIME>88.665</MAXTIME>
  <TOTAL>69</TOTAL>
</list>
<list>
  <CATEGORYDATE>2006-07-27</CATEGORYDATE>
  <AVERAGETIME>6.691</AVERAGETIME>
  <MINTIME>1.187</MINTIME>
  <MAXTIME>92.528</MAXTIME>
  <TOTAL>35</TOTAL>
</list>
<list>
  <CATEGORYDATE>2006-07-28</CATEGORYDATE>
  <AVERAGETIME>12.929</AVERAGETIME>
  <MINTIME>0</MINTIME>
  <MAXTIME>121.59</MAXTIME>
  <TOTAL>39</TOTAL>
</list>